id,partitive,strengthSome,subjecthood,infoStatus,logSentenceLength
176651:43,yes,5.7,0,new,2.63905732961526
108182:30,no,5.4,0,med,2.56494935746154
20718:26,no,6.4,0,new,2.89037175789616
18335:127,no,5,0,med,3.43398720448515
88808:43,no,5.9,0,med,2.70805020110221
148561:14,no,4.8,1,med,1.6094379124341
176908:22,no,6.5,0,new,2.484906649788
34501:47,no,6.3,0,med,3.17805383034795
1686:32,no,6.3,0,new,2.30258509299405
9196:49,yes,5.4,0,med,2.99573227355399
24580:124,no,4.8,1,med,3.52636052461616
68658:113,no,5.4,0,med,3.43398720448515
16209:29,no,5.5,0,new,2.39789527279837
112844:32,no,6.4,0,med,2.89037175789616
99256:38,yes,5.5,0,med,3.09104245335832
89238:15,no,6.4,0,new,1.94591014905531
86088:57,yes,5.9,0,med,3.76120011569356
112290:7,yes,4.5,1,old,1.38629436111989
145433:59,no,6.3,0,med,2.89037175789616
77398:5,yes,5.1,1,med,3.36729582998647
102781:19,no,6.8,0,new,2.19722457733622
80692:12,no,5.7,0,new,2.07944154167984
4490:19,no,6.4,0,med,2.77258872223978
176346:41,no,6.9,0,med,2.56494935746154
163367:85,no,6.3,0,new,3.43398720448515
134426:32,no,6.4,0,med,2.94443897916644
53223:87,no,6.3,0,med,3.2188758248682
36420:35,yes,4,0,med,2.56494935746154
95199:151,no,6.1,0,med,3.76120011569356
114255:29,no,6.6,0,new,1.94591014905531
140052:14,no,6.9,0,new,1.79175946922805
155121:37,no,6.4,0,new,2.89037175789616
56319:15,no,6.4,0,med,2.19722457733622
120254:15,no,6.1,0,med,2.63905732961526
99947:44,no,5.7,0,new,2.56494935746154
103563:4,no,4.6,1,med,2.89037175789616
35674:45,no,6.5,0,med,3.61091791264422
140964:11,no,6.5,0,new,1.79175946922805
47593:18,no,6.4,0,med,1.94591014905531
54511:40,no,6.4,0,new,2.19722457733622
38844:23,no,5.5,0,new,2.39789527279837
72387:13,yes,6.2,0,new,3.04452243772342
15535:31,no,6.3,0,new,2.39789527279837
91704:14,no,6.4,0,new,3.36729582998647
29385:35,no,6.3,0,med,2.39789527279837
165513:41,yes,4.8,0,new,3.13549421592915
5156:27,no,6.4,0,new,2.83321334405622
71923:26,no,6,0,new,2.30258509299405
1177:17,yes,4.4,0,old,1.79175946922805
109067:60,no,6.3,0,new,2.94443897916644
8885:15,yes,5.9,0,med,2.56494935746154
102431:45,no,6.4,0,med,3.8286413964891
57403:47,no,6.7,0,med,2.70805020110221
88674:10,no,5.2,0,new,2.484906649788
96886:11,no,6.4,0,med,2.56494935746154
9967:56,no,5.6,0,new,2.83321334405622
97989:5,yes,4.9,1,med,2.83321334405622
2345:39,no,6.2,0,new,3.43398720448515
113850:63,no,5.6,0,new,3.52636052461616
82800:12,no,6.1,0,new,2.94443897916644
116717:11,no,6.5,0,med,2.39789527279837
20142:232,no,6.2,0,new,4.00733318523247
171282:63,no,6.1,0,new,3.71357206670431
1939:10,no,5.8,0,new,3.36729582998647
11991:7,yes,4.1,1,old,2.77258872223978
134021:50,yes,5.7,1,med,3.89182029811063
15332:88,no,6.4,0,med,3.29583686600433
145355:18,no,6.5,0,new,2.63905732961526
65999:146,yes,4.5,0,med,4.04305126783455
137619:16,no,5.6,0,new,1.94591014905531
161653:6,no,4.5,1,med,2.484906649788
126165:57,yes,4.1,0,med,2.83321334405622
148538:10,no,6.8,0,med,1.6094379124341
103624:72,no,6.1,0,med,2.94443897916644
155962:19,yes,5.4,1,med,2.99573227355399
138291:103,yes,6,0,med,4.04305126783455
7267:12,no,5.8,0,med,1.6094379124341
112156:136,yes,5.8,0,old,3.36729582998647
32005:38,no,5.9,0,med,3.46573590279973
90995:20,yes,5.6,0,old,1.79175946922805
107909:42,yes,6.3,0,old,2.70805020110221
78585:7,yes,4,1,med,2.484906649788
94633:27,yes,5,0,med,3.09104245335832
164050:47,no,6,0,new,3.09104245335832
65989:12,no,6.2,0,new,1.6094379124341
109644:34,no,4.1,0,old,2.30258509299405
35565:48,no,6.1,0,med,3.17805383034795
47226:12,no,6,0,med,2.99573227355399
98248:22,no,6.5,0,med,2.484906649788
30428:73,no,5.6,0,old,2.83321334405622
40634:72,yes,5.3,0,old,3.2188758248682
23510:57,yes,4.7,0,med,2.63905732961526
121569:26,yes,5,0,med,2.39789527279837
172264:114,no,6,0,med,3.36729582998647
161396:28,no,5.7,1,old,2.39789527279837
5366:34,no,5.8,0,new,3.13549421592915
12111:78,no,5.9,0,new,3.40119738166216
73491:25,yes,5.7,0,med,3.55534806148941
164075:14,no,5.9,0,new,2.30258509299405
121793:107,no,6.5,0,new,3.43398720448515
53913:6,no,3.3,1,med,2.39789527279837
130087:11,yes,4.1,1,new,2.39789527279837
15291:54,no,5.6,0,med,2.99573227355399
66765:5,yes,5.3,1,med,2.39789527279837
63606:10,yes,6.1,1,old,2.56494935746154
134420:14,no,6.5,0,new,2.30258509299405
74234:44,no,5.9,0,med,4.07753744390572
105896:51,no,6.2,0,med,2.94443897916644
171124:6,yes,5.4,1,old,2.19722457733622
19728:11,no,6.3,1,new,3.3322045101752
129583:26,no,5.6,0,med,2.19722457733622
28711:26,yes,5.4,1,med,2.77258872223978
110359:35,no,6.4,0,med,2.99573227355399
43673:87,yes,5.3,0,new,3.25809653802148
102546:21,yes,4.7,0,med,2.19722457733622
175724:80,no,6.5,0,new,3.13549421592915
158966:17,yes,4.4,0,med,2.63905732961526
74757:171,no,6.6,0,new,3.78418963391826
126460:28,no,4.7,0,med,2.30258509299405
62437:24,no,6,0,med,2.19722457733622
56101:53,yes,6.1,0,med,3.13549421592915
53610:9,no,6.3,0,med,1.09861228866811
13087:15,yes,5.1,1,med,3.04452243772342
76785:80,no,6,0,new,2.89037175789616
142147:41,no,6.1,0,med,2.484906649788
24418:16,no,6.3,0,med,1.79175946922805
6686:61,no,6.5,0,med,3.36729582998647
72579:15,no,4.5,0,med,2.19722457733622
70670:14,no,5.9,0,med,1.94591014905531
134426:23,no,6.4,0,new,2.94443897916644
8865:47,no,6.5,0,med,3.04452243772342
55933:33,no,5.7,0,new,2.56494935746154
176952:43,no,5.6,0,new,2.63905732961526
136193:24,no,6,0,new,2.94443897916644
177474:15,no,6.2,0,new,2.30258509299405
150826:22,no,5.2,0,med,2.63905732961526
108790:55,no,6.4,0,new,3.09104245335832
142499:11,no,6.5,0,med,2.70805020110221
155027:11,no,6.1,0,med,2.30258509299405
11568:18,no,6.1,0,new,2.39789527279837
142849:33,no,5.7,0,med,2.70805020110221
97106:20,no,4.7,0,new,1.79175946922805
3209:48,no,4.9,0,med,2.39789527279837
80299:13,no,6.5,0,med,3.04452243772342
122893:11,no,5.6,0,med,1.94591014905531
95645:100,no,5.5,0,new,3.63758615972639
153721:83,no,5,0,med,3.55534806148941
163188:16,no,6.7,0,new,2.83321334405622
64969:34,no,6.5,0,med,2.56494935746154
15903:5,yes,5.3,1,med,3.04452243772342
22630:77,yes,4.6,0,med,3.43398720448515
79355:11,no,5.7,0,new,2.63905732961526
164038:17,no,5.2,0,med,1.94591014905531
168216:15,no,6.4,0,new,2.39789527279837
26819:29,no,6.2,0,old,3.2188758248682
148355:8,yes,4.7,1,old,2.70805020110221
172629:33,no,5.3,0,new,3.8286413964891
138142:20,no,6.4,0,new,2.07944154167984
103194:37,yes,5.1,0,new,2.94443897916644
177013:13,no,6.1,0,new,2.56494935746154
33002:13,no,6,0,med,2.484906649788
168569:28,no,4,1,med,3.25809653802148
151077:31,no,5.2,0,med,2.83321334405622
56897:6,no,3.3,1,med,1.6094379124341
166177:13,no,5.8,0,med,2.63905732961526
86100:21,no,5.4,0,new,2.19722457733622
70612:21,no,6.4,0,new,1.94591014905531
116495:21,no,5.1,0,med,1.94591014905531
26977:14,no,6.1,0,med,2.30258509299405
39190:38,no,6.4,0,med,2.07944154167984
169028:53,no,6.5,0,med,2.63905732961526
175702:23,yes,5.9,1,old,3.71357206670431
127596:32,no,6.3,0,med,1.79175946922805
164095:28,no,5.9,0,new,2.89037175789616
147477:43,no,4.7,0,med,2.56494935746154
101121:88,no,6.3,0,med,3.40119738166216
103644:84,yes,4.6,0,med,3.09104245335832
161001:72,no,6.1,0,new,2.39789527279837
31180:58,no,6,0,med,4.02535169073515
171692:24,no,6.4,0,med,2.56494935746154
145552:67,no,5.7,0,new,2.56494935746154
128104:24,no,6.4,0,new,3.04452243772342
103911:47,no,5.1,0,med,3.25809653802148
23861:130,no,5.9,0,new,4.04305126783455
164770:133,yes,5.3,0,new,3.73766961828337
78614:111,yes,5.6,0,med,3.46573590279973
37768:13,no,6.4,0,med,1.79175946922805
89437:12,no,5.9,0,med,1.6094379124341
32931:10,no,6.2,0,med,1.94591014905531
156697:32,no,5.2,0,med,1.94591014905531
53912:14,no,3.1,1,med,2.484906649788
4795:25,yes,4.1,1,med,2.77258872223978
31080:8,yes,4,1,old,3.36729582998647
127919:39,yes,5.2,0,med,2.77258872223978
174160:14,no,5.9,0,new,2.07944154167984
47855:7,yes,3.5,1,med,2.39789527279837
57643:110,yes,6,0,med,3.61091791264422
78212:39,yes,4.9,0,med,2.77258872223978
6686:28,yes,4.8,0,new,3.36729582998647
92249:38,no,6.1,0,new,2.484906649788
9486:4,no,4.4,1,old,2.70805020110221
25479:56,no,5.9,1,new,2.83321334405622
9970:53,no,6.2,0,med,3.04452243772342
153227:28,no,4.8,1,med,2.83321334405622
171919:12,no,6.5,0,new,3.46573590279973
148200:15,no,5.4,0,med,1.94591014905531
85252:8,yes,5.5,1,new,3.09104245335832
161185:14,no,6.4,0,med,1.94591014905531
60333:19,no,6.3,0,med,2.63905732961526
22018:5,yes,5.5,1,old,1.6094379124341
134033:13,yes,4.7,0,med,2.07944154167984
93477:92,no,6.4,0,new,3.3322045101752
2335:27,no,5.9,0,med,3.04452243772342
43837:14,no,6.4,1,new,2.484906649788
60926:36,no,6.3,0,new,3.17805383034795
11929:60,yes,5.8,0,med,3.09104245335832
38936:13,no,6.3,0,med,1.94591014905531
161106:35,no,5,0,new,2.30258509299405
132696:166,no,6.1,0,new,4.43081679884331
22933:25,no,5.9,0,med,2.19722457733622
48582:11,no,6.1,0,new,1.94591014905531
13056:42,yes,5.1,0,med,2.39789527279837
125903:18,no,6.6,0,med,3.04452243772342
174932:42,no,6.3,1,med,3.17805383034795
56683:20,no,6.7,0,new,2.39789527279837
154094:15,yes,4.4,1,med,2.89037175789616
55028:10,yes,5.3,1,old,1.6094379124341
28734:50,no,6.8,0,new,3.04452243772342
131722:36,no,6.5,0,new,2.94443897916644
164259:34,yes,4.6,0,new,2.484906649788
74649:24,no,5.1,0,new,2.39789527279837
132933:5,yes,4.2,1,med,3.09104245335832
120456:22,no,5.9,0,old,2.07944154167984
170188:13,no,5.7,0,med,2.484906649788
12194:43,no,5.9,0,new,2.63905732961526
113793:23,no,5.9,1,med,2.77258872223978
134479:41,yes,5.3,0,old,2.70805020110221
161487:13,no,6.3,0,med,2.484906649788
80499:4,no,4.6,1,med,2.19722457733622
158511:44,no,6.3,0,new,2.30258509299405
15870:42,no,6.4,0,med,2.94443897916644
120455:20,no,6.5,0,new,2.56494935746154
56417:25,no,6.2,0,med,2.07944154167984
55920:12,no,5.8,0,new,2.30258509299405
145722:97,yes,5.8,1,med,3.25809653802148
115916:39,no,5.9,0,med,3.3322045101752
27507:15,no,5.9,0,med,2.63905732961526
171283:28,no,6,0,med,2.30258509299405
155408:25,no,5.7,0,med,2.07944154167984
147340:7,yes,4.4,1,old,2.63905732961526
116940:96,no,5.9,0,new,3.40119738166216
159146:13,yes,5.4,1,new,3.61091791264422
171283:17,no,5.7,0,med,2.30258509299405
2454:46,no,5.9,0,med,3.40119738166216
22799:53,no,6.3,0,new,3.43398720448515
166169:26,yes,4.3,1,med,3.17805383034795
146091:18,no,5.5,0,med,1.79175946922805
161668:20,no,4.5,1,med,2.63905732961526
74580:17,no,6,0,new,1.79175946922805
30391:26,yes,6,0,old,2.484906649788
30872:58,no,5.6,0,new,2.89037175789616
168576:39,no,5.2,0,med,3.09104245335832
104255:44,yes,5.6,0,med,2.484906649788
30987:12,no,5.5,0,med,2.07944154167984
141909:6,no,5.4,1,old,1.94591014905531
9455:69,no,6.6,0,med,3.43398720448515
140415:37,no,6.2,0,med,2.89037175789616
86455:28,no,6.8,0,med,2.19722457733622
112637:73,no,6,0,new,2.94443897916644
1214:19,yes,4.3,0,old,3.09104245335832
21123:14,yes,4.3,1,med,2.63905732961526
22656:29,no,6.1,0,new,2.39789527279837
130807:72,yes,4,0,med,3.25809653802148
157516:9,no,6.3,0,med,3.73766961828337
97584:19,no,6.3,0,med,2.30258509299405
29227:52,no,5.9,0,med,2.39789527279837
95651:89,no,4.3,0,med,2.77258872223978
126348:16,no,5.8,0,med,3.49650756146648
110384:95,no,6.1,1,med,3.85014760171006
164345:22,no,4.8,0,new,2.30258509299405
19474:11,no,6.5,0,new,2.07944154167984
31480:39,no,5.5,1,med,2.83321334405622
78294:14,no,5.5,0,med,1.94591014905531
57998:87,yes,5.6,0,med,4.12713438504509
44952:36,yes,5.6,0,med,2.30258509299405
92394:53,yes,5.9,0,new,3.2188758248682
79761:35,no,6,0,new,2.39789527279837
112058:22,yes,5.6,0,med,3.85014760171006
155521:29,yes,5.2,0,old,2.30258509299405
87654:14,yes,5.3,1,med,3.09104245335832
41388:61,yes,5.4,0,old,3.3322045101752
32577:19,no,6.5,0,med,3.04452243772342
29678:24,yes,5.3,0,med,2.19722457733622
85881:104,no,6.5,0,new,3.43398720448515
109712:50,no,5.9,0,new,3.36729582998647
139879:19,no,6.3,0,med,2.39789527279837
97813:26,no,5.9,0,med,2.484906649788
156465:52,no,6.3,0,new,2.99573227355399
170859:54,no,5.8,0,new,2.89037175789616
31279:10,no,5.4,0,med,2.39789527279837
121757:115,no,5.9,0,med,4.07753744390572
39653:15,no,6.6,0,new,2.19722457733622
6581:42,no,5.9,0,med,2.89037175789616
156671:38,yes,4.1,0,old,3.40119738166216
63704:23,no,5.7,0,med,2.07944154167984
146662:13,no,6.4,0,new,2.39789527279837
20307:42,no,6.2,0,med,2.77258872223978
81221:70,yes,4.9,0,old,2.70805020110221
95645:41,yes,5.4,0,new,3.63758615972639
146544:24,no,6.1,0,new,3.91202300542815
136383:15,no,6.1,0,new,2.19722457733622
81838:54,yes,5.2,0,med,2.83321334405622
160994:25,no,6.2,0,med,2.30258509299405
83056:37,no,5.7,0,new,3.25809653802148
97004:103,no,6.4,0,new,3.25809653802148
15155:80,no,6.2,0,new,3.04452243772342
30504:13,no,5.5,0,med,2.30258509299405
39049:23,no,5.3,0,new,2.39789527279837
84185:16,no,6.4,0,med,1.79175946922805
24056:22,no,5.2,0,med,2.56494935746154
135381:35,yes,5.7,0,med,2.70805020110221
155741:63,yes,4.9,0,med,2.89037175789616
67111:87,yes,5.7,0,med,3.25809653802148
20734:79,no,5.5,0,med,2.89037175789616
149904:6,no,6.1,0,new,1.6094379124341
118753:13,no,5.6,0,new,3.04452243772342
117354:63,yes,5.7,1,old,3.3322045101752
72832:14,no,6.3,0,new,2.484906649788
129171:26,yes,4.8,0,new,2.39789527279837
56317:78,no,6.4,0,med,3.04452243772342
91286:72,no,6.4,0,new,3.09104245335832
146901:36,no,6.4,0,new,2.484906649788
129083:10,no,5.6,0,med,2.30258509299405
80278:17,yes,5.3,1,med,3.04452243772342
130276:4,no,3.3,1,old,0.693147180559945
15749:21,no,6.5,0,new,2.56494935746154
63108:7,yes,4.5,1,old,2.39789527279837
95586:13,no,5.7,0,new,1.79175946922805
36621:7,yes,5.4,1,old,1.94591014905531
107709:28,yes,5.7,0,med,2.83321334405622
138943:28,no,6.2,0,med,2.99573227355399
112498:14,no,6.1,0,new,1.79175946922805
36613:5,yes,5.6,1,old,1.79175946922805
11767:21,no,6.3,0,med,2.30258509299405
38898:13,yes,4.5,0,old,1.79175946922805
35576:25,no,6.4,0,new,2.19722457733622
114610:10,no,6.4,0,med,2.30258509299405
121757:169,no,5.9,0,new,4.07753744390572
1843:22,no,6.6,0,med,2.83321334405622
56109:69,no,5.6,1,med,3.25809653802148
155092:75,no,4.9,0,med,3.63758615972639
126761:25,no,4.8,0,new,2.484906649788
177328:13,no,6.7,0,med,2.19722457733622
13977:49,no,6.4,0,med,3.04452243772342
176960:92,no,6.5,0,new,3.66356164612965
55386:25,yes,4.7,0,old,2.484906649788
170740:34,no,5.2,0,new,2.484906649788
38927:18,no,6.2,0,med,2.07944154167984
169939:81,no,5.6,0,med,3.09104245335832
126761:30,no,5.4,1,med,2.484906649788
156938:9,no,4.9,0,med,1.6094379124341
31278:24,no,5.6,0,new,2.30258509299405
10841:72,no,6.1,0,new,2.89037175789616
16319:19,no,6.8,0,old,1.79175946922805
75552:115,yes,6.1,0,med,3.68887945411394
56842:9,no,3.2,0,med,1.79175946922805
53389:28,no,5.5,0,med,2.30258509299405
130958:7,yes,6.2,1,old,1.94591014905531
108790:33,yes,5.2,1,old,3.09104245335832
166774:13,yes,4.8,0,new,2.99573227355399
30001:7,no,5.6,0,med,3.09104245335832
163414:55,no,5.6,0,new,2.30258509299405
94780:11,no,4.6,1,med,1.6094379124341
8866:65,no,6,0,new,3.8286413964891
122706:39,no,5,0,med,2.77258872223978
111758:13,no,6.6,0,med,2.19722457733622
90051:29,no,5.8,0,old,2.19722457733622
35130:35,no,5.5,0,med,2.07944154167984
2199:135,no,5.8,0,old,4.4188406077966
72090:7,yes,4.1,1,old,1.94591014905531
134176:70,yes,6.3,0,old,3.55534806148941
109394:16,yes,5.2,1,med,2.70805020110221
47430:120,no,6.5,0,new,3.58351893845611
34149:38,no,6.4,0,med,2.89037175789616
132454:18,yes,5.2,0,new,2.07944154167984
107258:36,no,6.1,0,med,3.3322045101752
102016:6,no,6.4,0,new,1.38629436111989
99170:29,yes,5.4,1,med,2.56494935746154
158120:17,no,4.9,1,new,3.87120101090789
89068:107,no,5.9,0,med,3.52636052461616
131517:11,yes,5,0,med,2.83321334405622
96870:36,yes,5.7,0,new,2.99573227355399
94784:6,no,4.2,1,med,1.38629436111989
51562:11,no,5.8,0,new,2.19722457733622
13347:26,no,6.6,0,med,3.68887945411394
24192:41,no,4.2,0,med,2.56494935746154
58962:27,yes,3.4,0,med,2.63905732961526
147337:25,no,5.7,0,med,2.56494935746154
50706:31,yes,6.2,1,med,3.40119738166216
135016:25,no,6,0,new,2.70805020110221
38792:27,no,6.7,0,med,2.39789527279837
149736:22,no,6,0,new,2.39789527279837
13059:11,yes,5.5,0,old,1.6094379124341
95345:10,no,5,0,new,2.30258509299405
97320:78,no,6.7,0,med,3.04452243772342
42183:38,no,4.7,1,med,2.484906649788
45067:40,no,5.2,0,med,2.77258872223978
7361:10,no,5.4,0,med,1.94591014905531
59953:42,yes,6.1,0,old,2.89037175789616
152359:98,no,5.7,0,med,3.2188758248682
161018:14,no,4.5,1,med,2.70805020110221
129179:18,yes,4.7,1,med,2.19722457733622
39025:60,yes,5.4,0,med,2.89037175789616
66763:14,yes,3.9,1,med,2.484906649788
127011:17,yes,5.4,0,med,3.17805383034795
101025:37,no,5.8,0,med,2.77258872223978
131523:14,no,6.4,0,med,2.56494935746154
13424:16,yes,4.9,1,med,2.63905732961526
151338:21,no,5.4,0,med,2.56494935746154
122792:22,no,5.8,0,new,2.70805020110221
39625:37,no,6.7,0,new,3.43398720448515
43046:79,yes,5.3,0,med,3.40119738166216
164185:22,no,6,0,new,2.19722457733622
70851:34,no,6.1,0,new,2.30258509299405
91333:59,no,6.5,0,med,3.95124371858143
159281:32,no,6.4,0,new,2.70805020110221
4008:21,yes,4.5,0,med,2.19722457733622
4457:24,yes,5.2,0,old,2.19722457733622
167015:43,no,6.2,0,med,2.99573227355399
67607:18,no,5.5,0,med,1.79175946922805
55892:50,yes,5.2,0,old,2.83321334405622
87190:11,yes,4.7,0,med,2.30258509299405
142780:82,no,5.5,0,med,2.94443897916644
2006:5,yes,4.9,1,old,1.09861228866811
163703:15,yes,5.6,1,old,2.63905732961526
7282:17,no,6.2,0,new,2.07944154167984
157519:107,yes,4.8,0,med,4.15888308335967
127350:66,no,6.2,0,med,2.30258509299405
106267:29,no,5.6,0,new,2.30258509299405
143543:20,no,6.3,0,med,3.58351893845611
75025:28,no,4.9,0,med,2.30258509299405
169902:90,yes,5.4,1,med,3.46573590279973
69673:14,no,5.8,0,med,2.39789527279837
42623:15,yes,5.6,1,new,3.09104245335832
169857:78,no,6.1,0,new,3.95124371858143
84633:31,yes,4.4,1,med,2.63905732961526
123034:17,yes,5.6,1,med,2.39789527279837
32942:10,no,6.6,0,med,1.94591014905531
39035:20,no,6.1,0,med,2.07944154167984
20045:19,yes,5.1,0,old,2.07944154167984
66700:13,no,4.8,1,med,2.99573227355399
108757:10,yes,2.6,1,old,1.6094379124341
91185:45,yes,5,0,med,3.52636052461616
149748:21,yes,5.3,0,new,3.25809653802148
93765:12,no,6.5,0,old,2.56494935746154
38055:13,no,5.8,0,old,2.77258872223978
87128:10,no,6,0,med,2.77258872223978
62717:78,no,6.2,0,new,3.17805383034795
44903:37,no,6.3,0,med,3.36729582998647
22696:54,yes,5.2,0,new,3.09104245335832
61208:34,yes,5.1,0,old,2.63905732961526
66700:68,yes,5.1,0,med,2.99573227355399
115343:46,no,5.8,0,new,2.70805020110221
102998:7,yes,5.6,0,med,3.04452243772342
7758:15,no,6.4,0,med,2.89037175789616
133518:49,no,6.7,0,new,3.49650756146648
142083:50,no,6.2,0,med,2.56494935746154
45097:7,no,5.5,1,med,2.83321334405622
128696:11,yes,5.2,0,old,1.94591014905531
146829:11,yes,3.1,0,med,1.79175946922805
121775:13,no,5.6,0,new,2.83321334405622
50456:132,no,5.6,0,med,3.43398720448515
104342:23,no,6.3,1,med,3.40119738166216
128305:9,no,6.2,1,old,2.63905732961526
70357:25,no,6.5,0,med,2.83321334405622
144063:31,no,6.4,0,med,3.52636052461616
108856:73,yes,5.7,0,old,3.17805383034795
141004:32,yes,5.7,0,new,3.04452243772342
2345:21,no,5.8,0,new,3.43398720448515
19745:104,no,6.3,0,old,3.3322045101752
133013:23,no,6.4,0,med,2.30258509299405
11082:15,no,6.6,0,new,2.19722457733622
134301:16,no,6.3,1,med,2.56494935746154
125857:6,no,4.3,0,med,1.6094379124341
122421:31,yes,5.8,1,med,2.94443897916644
54373:11,no,6.3,0,med,1.94591014905531
26057:49,no,5.5,0,med,3.25809653802148
18479:6,no,5.2,0,med,2.39789527279837
99651:29,no,6.1,0,new,3.04452243772342
71201:52,no,5.6,0,new,2.39789527279837
20722:22,no,6.2,0,med,2.63905732961526
42470:35,no,6.1,0,new,3.29583686600433
105485:20,no,6.2,0,med,2.99573227355399
168607:32,no,5.8,0,new,3.09104245335832
52983:20,no,6.4,0,med,2.83321334405622
51876:10,no,5.1,0,med,1.79175946922805
158476:38,yes,4.9,0,med,2.484906649788
99247:72,yes,5.2,0,med,3.29583686600433
6396:60,no,5.9,0,new,2.484906649788
17721:21,no,6.3,0,new,2.56494935746154
65910:42,yes,6.1,0,new,3.61091791264422
77759:32,yes,5.1,1,med,2.99573227355399
66134:57,yes,5.8,0,old,2.70805020110221
16212:24,no,6.1,0,new,2.83321334405622
70974:78,no,6,0,med,3.46573590279973
125802:14,no,4.6,1,med,2.39789527279837
17546:43,yes,5.9,0,med,3.46573590279973
13296:18,no,6.2,0,new,2.83321334405622
167359:42,yes,5.2,0,med,2.70805020110221
14833:77,no,5.7,1,med,3.2188758248682
121783:13,no,5.8,0,new,1.6094379124341
148130:31,no,5.9,0,new,3.3322045101752
155085:10,no,6.5,0,new,2.99573227355399
168991:40,no,4.2,0,med,2.30258509299405
162314:57,no,6.4,0,new,3.2188758248682
157961:33,no,6.5,0,new,3.3322045101752
135453:35,yes,4.7,1,new,2.99573227355399
76160:21,yes,5,1,med,2.63905732961526
64969:22,no,6.4,0,new,2.56494935746154
79557:42,yes,4.1,0,med,2.56494935746154
81720:33,no,5.4,0,new,2.39789527279837
45790:32,no,5.9,0,med,2.56494935746154
1206:10,yes,5.8,1,old,2.83321334405622
72488:43,no,3.3,0,med,2.484906649788
117330:23,no,6.2,0,new,2.94443897916644
27773:13,no,5.1,0,new,1.94591014905531
141908:36,no,5.5,1,med,2.39789527279837
64299:18,no,6.7,0,new,2.77258872223978
9524:43,no,5.5,0,old,2.63905732961526
2582:17,no,6,1,old,3.17805383034795
3372:16,no,5.8,0,med,2.30258509299405
164949:21,no,6,0,new,3.13549421592915
66483:25,yes,4.6,1,old,2.83321334405622
59544:10,yes,4.1,0,med,1.94591014905531
33291:14,no,6.8,0,med,1.94591014905531
172002:14,no,6.2,0,med,2.83321334405622
38641:36,yes,6.4,0,new,3.25809653802148
63398:14,no,6.5,0,med,2.89037175789616
172589:128,no,6.4,0,new,3.36729582998647
136292:43,yes,5.9,0,new,2.99573227355399
153785:23,no,6.1,0,med,2.07944154167984
86100:26,no,4.5,0,med,2.19722457733622
138350:6,no,4.3,0,med,1.6094379124341
103644:40,yes,4.1,0,med,3.09104245335832
70123:18,no,6.5,0,med,2.30258509299405
16456:40,no,6.1,0,new,2.56494935746154
31195:47,yes,4.4,0,med,2.99573227355399
166876:51,no,5.8,0,med,3.25809653802148
28597:28,no,6.2,0,med,2.89037175789616
23951:137,no,5.7,0,old,4.02535169073515
162249:54,no,5.1,0,new,2.77258872223978
154986:45,no,6,0,med,3.52636052461616
362:44,no,5.2,0,med,2.56494935746154
31533:12,no,5.3,0,med,2.19722457733622
136205:15,no,6.1,0,new,1.79175946922805
159592:14,yes,3.7,0,med,2.19722457733622
100603:25,no,5.8,0,new,3.43398720448515
97106:13,no,4.7,0,new,1.79175946922805
20176:47,no,5.8,0,med,3.09104245335832
43559:43,yes,5.8,0,med,2.83321334405622
82687:34,no,6.6,0,med,2.99573227355399
16608:27,yes,5.4,0,med,2.89037175789616
160988:9,no,5.6,0,med,1.6094379124341
12998:28,yes,5.9,0,med,2.39789527279837
63963:80,yes,6.5,0,med,3.61091791264422
72420:95,no,5.9,0,med,3.49650756146648
177493:13,no,6.1,0,med,2.07944154167984
84120:11,no,5.5,0,med,2.30258509299405
77843:15,no,6.4,0,med,1.94591014905531
123916:50,no,4.4,1,med,2.77258872223978
99608:4,no,4.5,1,med,2.07944154167984
28274:4,no,5,1,med,1.79175946922805
38651:29,yes,6.2,0,med,2.56494935746154
4489:44,no,3.9,0,med,2.39789527279837
148463:10,yes,5.2,1,old,2.19722457733622
71322:37,no,5.6,0,med,3.43398720448515
152284:11,yes,5.4,0,new,2.63905732961526
97229:18,no,6.3,0,new,2.07944154167984
143752:15,yes,4.8,1,old,2.19722457733622
50719:6,no,3.8,1,med,1.94591014905531
168823:14,no,6.6,0,new,3.43398720448515
168236:157,no,6.2,0,new,3.49650756146648
33143:60,no,5.3,0,med,2.484906649788
20838:36,no,6.4,0,med,2.56494935746154
151303:29,yes,5.4,0,old,2.77258872223978
60960:37,no,6,0,med,2.484906649788
75571:7,yes,4.3,1,med,2.07944154167984
43815:11,no,6.1,0,new,2.30258509299405
26291:55,no,5.4,0,new,2.19722457733622
55120:15,no,4.3,0,new,2.07944154167984
7100:11,no,4.4,1,old,2.89037175789616
71321:4,no,4.2,0,med,1.6094379124341
138141:9,no,6.5,0,new,1.38629436111989
77852:30,no,6.2,0,med,2.70805020110221
89259:13,no,3.9,1,med,2.19722457733622
98986:4,no,5.5,1,med,3.8286413964891
32953:16,no,6.6,0,med,2.63905732961526
166806:63,no,5.6,0,med,3.04452243772342
111407:85,no,6.4,0,med,3.3322045101752
160087:28,no,5.3,0,new,2.484906649788
176211:25,no,6,0,med,2.39789527279837
140818:41,no,6.5,0,new,2.70805020110221
80438:40,yes,5.4,0,med,3.04452243772342
124760:28,no,6.4,0,med,2.30258509299405
61917:28,no,6.2,0,med,3.36729582998647
33466:11,no,6.4,0,med,1.94591014905531
139729:13,no,5.9,0,med,1.38629436111989
38592:10,yes,4,1,med,2.94443897916644
72079:13,yes,5.6,0,old,1.79175946922805
127456:31,yes,3.8,0,old,2.07944154167984
88001:23,no,6.3,0,new,2.94443897916644
61752:73,no,6.5,0,new,3.29583686600433
87240:87,no,6.5,0,med,2.83321334405622
140196:19,no,5.4,1,med,2.89037175789616
128489:17,no,6.6,0,med,3.3322045101752
3878:16,no,5.8,0,new,2.07944154167984
156086:35,no,5.8,0,med,3.78418963391826
174581:22,no,6.2,0,new,2.94443897916644
161281:21,no,5.3,0,med,2.70805020110221
76223:21,no,6.2,0,med,2.94443897916644
118955:17,yes,4.3,1,med,2.99573227355399
136135:14,no,5.7,0,med,2.30258509299405
95853:38,yes,5,1,med,3.2188758248682
138703:48,yes,6,1,med,2.94443897916644
71046:43,no,5.1,0,med,2.56494935746154
151138:37,no,6.2,0,new,3.29583686600433
53598:10,no,5.8,0,med,2.19722457733622
21020:14,yes,4.4,1,new,2.63905732961526
83988:6,no,5.2,1,new,2.19722457733622
138154:56,no,6.5,0,med,2.63905732961526
84117:33,no,5.9,0,new,2.63905732961526
36312:38,no,6.3,0,med,2.56494935746154
161373:22,no,4.7,0,med,2.07944154167984
168977:55,no,6.4,0,new,4.02535169073515
24443:14,no,5.9,0,med,2.19722457733622
71540:47,no,6.5,0,med,3.04452243772342
62690:49,no,4.8,0,med,2.63905732961526
159588:39,yes,4.3,0,new,2.39789527279837
125651:10,yes,6.1,1,new,4.17438726989564
9507:75,yes,5.7,0,old,3.13549421592915
169366:50,no,5.1,1,med,3.13549421592915
96866:33,yes,4.4,1,med,3.09104245335832
103574:12,no,5.5,0,new,1.6094379124341
107802:43,no,5.6,0,med,2.07944154167984
110628:20,no,6.1,0,new,2.07944154167984
124787:54,no,5.9,0,med,2.484906649788
80001:13,no,5.8,0,new,1.38629436111989
170022:25,no,6.4,0,med,2.07944154167984
74155:5,yes,4.4,1,med,1.79175946922805
47182:40,no,5.7,0,med,2.56494935746154
71600:26,no,6.6,0,new,2.39789527279837
138469:69,no,4.7,0,new,2.83321334405622
82296:18,no,5.8,0,new,1.94591014905531
116252:35,no,6,0,med,3.04452243772342
27056:5,yes,5.2,1,old,1.94591014905531
97543:11,no,6.8,0,med,2.07944154167984
135035:25,no,5.2,0,med,2.19722457733622
173724:18,yes,5.9,0,old,3.8286413964891
12611:177,no,5.5,0,med,4.36944785246702
124385:34,yes,5.7,0,med,2.56494935746154
104196:61,yes,5.8,0,old,2.94443897916644
29416:66,yes,4.5,1,med,3.17805383034795
52283:13,yes,5.4,1,old,2.19722457733622
100889:88,yes,4.1,0,old,3.09104245335832
159124:81,yes,6.2,0,med,3.40119738166216
126604:16,no,4.7,1,med,1.94591014905531
29177:21,no,5.3,0,new,3.40119738166216
153105:51,no,5.9,0,new,2.63905732961526
47262:53,no,6.5,0,med,2.484906649788
130776:68,no,6.3,0,med,3.40119738166216
139682:16,no,6.1,0,med,3.04452243772342
25608:31,no,5.6,0,new,2.94443897916644
143183:27,yes,5.4,0,med,2.39789527279837
31271:110,no,6.3,0,new,3.71357206670431
53606:58,no,6.4,0,med,2.99573227355399
93264:4,no,5.5,1,med,2.94443897916644
42653:25,yes,6,0,old,3.25809653802148
41573:26,no,5.9,0,med,3.58351893845611
129990:36,yes,4.3,1,new,3.25809653802148
145369:58,no,6.5,0,old,2.83321334405622
44119:16,yes,4.2,0,med,2.99573227355399
78762:25,no,5,1,med,2.19722457733622
100584:49,no,5.7,0,med,2.56494935746154
172656:9,no,3,0,med,1.38629436111989
96656:11,no,6.2,0,new,1.94591014905531
168218:13,no,6.1,0,new,2.30258509299405
160087:35,no,5.9,0,new,2.484906649788
96034:46,no,6.2,0,med,3.63758615972639
4529:7,yes,5.4,1,old,1.79175946922805
131278:6,no,5.7,0,med,2.19722457733622
149891:51,no,6.3,0,med,2.70805020110221
169856:19,no,6.4,1,new,2.484906649788
54017:18,no,6.8,0,med,2.70805020110221
70703:18,no,5.7,0,new,1.94591014905531
18660:24,no,6.4,0,med,2.99573227355399
113457:49,no,6.3,0,med,2.89037175789616
11233:53,no,6.3,1,med,3.85014760171006
91388:33,no,6.2,0,new,2.70805020110221
145009:13,no,5.6,1,med,2.484906649788
86451:40,yes,5.5,0,med,3.43398720448515
30493:38,no,5.9,0,med,2.19722457733622
9797:33,yes,3.6,1,old,2.07944154167984
19744:12,no,5.2,0,med,2.07944154167984
174864:19,no,6.4,0,new,2.07944154167984
108807:56,yes,3.6,0,med,2.94443897916644
107469:25,no,6.1,0,new,2.94443897916644
47147:12,no,5.6,0,old,2.07944154167984
49875:48,no,5.3,0,med,2.70805020110221
61538:39,no,6.8,0,new,2.484906649788
38641:72,yes,5.6,0,med,3.25809653802148
138298:34,yes,6.1,0,med,2.94443897916644
162002:32,no,4.7,0,new,2.70805020110221
41566:22,no,6.2,0,med,2.07944154167984
84530:21,no,6.2,1,med,3.36729582998647
161183:38,no,6.6,0,new,2.39789527279837
33345:49,no,6.3,0,med,3.13549421592915
50337:29,no,4.3,0,new,2.19722457733622
77264:6,no,5.5,1,med,2.30258509299405
127761:15,no,6.4,0,new,2.56494935746154
118734:78,yes,5,0,med,3.29583686600433
20170:26,no,6.5,0,med,3.71357206670431
61000:7,yes,5.7,1,med,3.93182563272433
22992:33,no,5.8,1,med,3.04452243772342
31987:28,no,5.9,0,med,2.19722457733622
13983:93,no,6.4,0,med,3.13549421592915
19933:5,yes,5.2,1,old,1.79175946922805
48706:4,no,3.9,1,med,1.79175946922805
41717:66,yes,6.1,1,med,3.55534806148941
163234:34,yes,5.4,1,med,2.484906649788
16640:26,yes,4.1,0,med,2.07944154167984
130994:56,no,6.4,0,new,3.2188758248682
156060:102,yes,5.4,0,med,3.52636052461616
18285:38,no,6.3,0,med,2.39789527279837
130584:43,no,5.7,0,new,2.83321334405622
5140:15,no,6,0,med,1.79175946922805
99355:10,yes,5.8,1,old,1.94591014905531
15261:29,no,5.9,1,old,3.2188758248682
31317:82,no,5.5,0,med,3.43398720448515
77887:17,no,5.9,0,med,3.89182029811063
44694:37,no,5.6,1,med,2.39789527279837
60034:130,no,6.4,0,new,3.43398720448515
88070:6,no,4,1,med,2.77258872223978
146618:32,yes,5,0,med,2.99573227355399
132148:16,no,6.1,0,new,1.94591014905531
14769:69,no,6.3,0,med,3.3322045101752
176780:98,no,6.3,0,new,3.09104245335832
164858:59,no,6,1,med,3.04452243772342
24802:122,no,6.2,0,med,3.66356164612965
75949:43,yes,5.3,0,old,2.30258509299405
102005:100,no,6.6,0,new,3.29583686600433
43900:8,yes,4.6,1,old,1.6094379124341
74608:91,no,4.2,0,med,2.99573227355399
79893:26,no,6.2,0,new,2.07944154167984
63072:28,no,5.7,0,med,3.2188758248682
91119:18,no,6.3,0,new,2.07944154167984
135535:24,yes,4.5,0,old,2.19722457733622
95835:35,no,6,0,med,2.484906649788
47270:33,no,6.2,0,med,2.19722457733622
95535:14,yes,5,0,new,2.39789527279837
91184:148,yes,5.4,1,med,3.85014760171006
20839:32,no,6.1,0,med,2.94443897916644
38991:16,yes,6,0,med,2.63905732961526
10235:39,yes,5.7,1,med,2.83321334405622
63221:32,no,6.5,0,med,2.83321334405622
99831:29,no,5.3,0,med,1.94591014905531
89352:11,no,6.1,1,med,2.39789527279837
56132:85,no,6.2,0,new,3.25809653802148
45110:199,no,6.3,0,med,3.91202300542815
151536:59,no,5.7,0,new,3.13549421592915
95804:23,no,5.2,0,new,2.30258509299405
148183:40,yes,5.4,0,old,2.63905732961526
23641:34,no,4.1,1,med,2.70805020110221
173289:7,yes,4.6,1,old,1.94591014905531
109255:17,no,4.4,1,med,3.04452243772342
101449:50,yes,5,0,med,3.09104245335832
115483:40,yes,5.1,0,old,2.484906649788
90144:26,no,6.4,0,med,2.484906649788
140818:55,yes,5.6,0,old,2.70805020110221
119111:78,no,5.7,0,med,3.3322045101752
20734:50,no,6.4,0,med,2.89037175789616
104694:41,no,6.1,0,med,2.89037175789616
159233:9,no,5.9,0,med,3.43398720448515
69672:11,no,6.3,0,med,2.30258509299405
160477:87,yes,6.2,0,med,3.43398720448515
16039:6,no,5.6,0,new,1.09861228866811
141921:54,no,6.5,0,med,2.94443897916644
2100:38,no,5.4,0,new,2.484906649788
124500:45,yes,6,0,old,3.2188758248682
108349:80,yes,5.1,1,med,3.43398720448515
134426:41,no,6.6,0,new,2.94443897916644
107796:20,no,6.3,0,new,2.56494935746154
169024:29,no,6.4,0,new,2.70805020110221
177102:83,no,6.5,0,new,3.58351893845611
24388:44,no,6.3,0,med,2.83321334405622
166817:15,no,6.3,0,med,1.6094379124341
121141:6,no,4.1,1,old,1.94591014905531
147754:50,yes,3.5,0,old,2.39789527279837
30596:33,no,5.3,0,new,2.94443897916644
86408:11,yes,3.3,0,med,2.07944154167984
98969:36,no,6.1,0,med,3.49650756146648
85235:65,yes,6.2,0,new,3.13549421592915
71287:32,no,5.7,1,med,3.25809653802148
23017:54,no,6.1,0,med,3.13549421592915
5480:20,no,6.5,0,new,2.19722457733622
39130:54,no,6.7,0,med,2.94443897916644
59895:11,no,6.5,0,med,2.56494935746154
152021:55,no,5.9,0,new,2.83321334405622
32957:13,no,6.3,0,med,1.38629436111989
149373:69,no,6.4,0,med,3.43398720448515
132402:20,no,5.4,1,med,2.07944154167984
13347:160,yes,6.7,0,med,3.68887945411394
74568:22,no,5.7,0,new,3.97029191355212
169714:12,no,5.7,0,new,1.79175946922805
96743:132,yes,5.9,0,med,4.0943445622221
158188:98,no,5.7,0,med,3.36729582998647
76326:14,no,5.8,0,med,2.77258872223978
175399:7,yes,5.6,1,med,3.04452243772342
32977:37,no,5.9,0,med,2.19722457733622
148529:15,no,6.4,0,med,1.94591014905531
146710:44,no,5,1,med,2.99573227355399
88706:22,no,5.5,0,med,2.39789527279837
134426:48,no,6.6,0,new,2.94443897916644
65927:55,no,5.3,1,med,3.2188758248682
11353:13,no,6,0,med,1.6094379124341
115525:57,no,6.2,0,med,2.89037175789616
35085:21,yes,4.9,0,med,2.07944154167984
15755:34,no,5.8,0,new,2.94443897916644
66757:23,no,6.4,0,med,2.56494935746154
29326:35,no,6.1,0,new,2.83321334405622
158215:60,no,6.2,0,new,3.29583686600433
138929:40,no,6.4,0,med,2.99573227355399
88772:47,no,6.3,0,med,3.25809653802148
145945:125,yes,6.3,0,new,3.76120011569356
56003:40,no,6,1,med,2.70805020110221
2722:7,yes,4.7,1,med,2.56494935746154
83552:52,no,4.3,0,med,2.70805020110221
93005:47,no,6.3,0,new,2.94443897916644
155471:9,no,5.3,1,med,3.3322045101752
27147:10,yes,4.8,1,med,2.484906649788
85724:16,no,6.3,0,med,3.36729582998647
56656:83,no,6.4,0,med,3.25809653802148
94976:130,no,5.8,0,med,3.43398720448515
40694:58,no,6.3,0,new,2.94443897916644
62767:31,yes,5.9,1,new,2.56494935746154
96775:40,no,6.7,0,med,3.13549421592915
9106:85,yes,5.7,0,med,3.49650756146648
63816:17,no,6.5,0,new,3.36729582998647
56198:25,no,6.5,0,new,2.63905732961526
149162:20,yes,5.9,0,med,2.89037175789616
101243:85,no,6.2,0,new,3.13549421592915
77906:47,no,5.4,0,new,2.39789527279837
74032:16,no,6,0,new,1.94591014905531
16415:5,yes,3.8,1,old,2.39789527279837
100975:27,no,6.5,0,med,3.04452243772342
136126:11,no,5.1,0,med,2.63905732961526
36918:34,no,6,1,med,3.61091791264422
19697:27,yes,4.7,0,new,3.80666248977032
114588:104,yes,4.7,0,med,3.17805383034795
42645:119,yes,4.1,0,new,3.58351893845611
108744:71,yes,5.3,0,new,3.04452243772342
29611:17,no,6.1,0,old,2.63905732961526
9573:19,yes,3.8,0,new,2.30258509299405
456:25,no,6.1,0,med,2.07944154167984
56809:31,yes,4.7,0,old,2.56494935746154
116582:15,no,5.9,0,med,1.94591014905531
32809:15,no,6.1,0,med,1.79175946922805
69408:35,no,6.5,0,med,2.30258509299405
81885:137,no,6.3,0,med,3.29583686600433
15843:18,no,5.9,1,med,3.09104245335832
1988:12,no,6.5,0,med,2.63905732961526
47420:60,no,5.7,0,med,3.17805383034795
14969:33,no,5.8,0,med,2.56494935746154
9501:60,no,5.7,0,new,2.63905732961526
88719:5,yes,4.1,1,new,3.46573590279973
36737:8,yes,5.5,1,old,1.79175946922805
67111:45,yes,4.6,1,new,3.25809653802148
55159:38,yes,6.1,0,new,2.89037175789616
100820:27,no,6.8,0,med,2.94443897916644
11992:7,yes,4.4,1,new,2.30258509299405
147083:36,no,6.3,0,new,2.19722457733622
24846:25,no,6.3,0,med,2.77258872223978
126610:15,no,5.3,0,new,2.39789527279837
62502:62,yes,5.4,0,new,3.43398720448515
163528:86,no,6.1,0,med,3.25809653802148
65668:54,no,5.4,1,med,2.89037175789616
173813:37,no,6,0,med,2.77258872223978
62707:16,no,4.9,1,med,2.94443897916644
90033:32,yes,5.4,1,new,3.40119738166216
27864:37,yes,5.1,0,med,2.70805020110221
50720:6,no,4.1,1,med,2.484906649788
139654:36,no,6,0,new,2.56494935746154
86489:22,yes,5.3,0,med,3.17805383034795
171199:29,no,6.2,0,new,2.30258509299405
46328:7,yes,3.7,1,med,2.63905732961526
56053:54,no,5.9,0,new,3.43398720448515
68757:42,no,6.2,0,med,2.63905732961526
169818:78,no,6.4,0,med,3.3322045101752
80629:13,yes,4.5,0,med,2.30258509299405
30391:38,no,6,0,med,2.484906649788
133358:40,yes,4.4,0,new,3.95124371858143
176346:16,no,6.1,0,med,2.56494935746154
67949:38,yes,5.2,0,med,2.70805020110221
74341:4,no,4.8,0,med,1.6094379124341
24055:33,no,5.4,0,med,3.17805383034795
100784:45,no,5.6,0,med,2.63905732961526
140921:16,no,6.2,0,new,2.30258509299405
36612:7,yes,5.7,1,old,1.6094379124341
106691:93,no,6.6,0,new,3.25809653802148
3297:34,no,4.2,1,old,2.39789527279837
76211:56,no,6.6,0,new,2.94443897916644
40951:7,yes,4.5,0,med,2.19722457733622
123714:38,no,6.7,0,med,3.46573590279973
120517:9,yes,5.5,1,old,2.19722457733622
8687:12,no,5.6,0,med,1.79175946922805
149148:54,no,6.4,0,med,3.89182029811063
72554:39,no,3.7,0,new,2.07944154167984
56203:18,no,6.3,0,med,2.39789527279837
171344:39,no,6.1,0,new,3.04452243772342
42149:6,yes,5.7,1,med,3.13549421592915
149427:7,yes,5.7,0,med,2.70805020110221
76809:59,no,6.2,0,med,2.77258872223978
130776:48,no,6.6,0,new,3.40119738166216
28335:95,no,4.8,0,med,3.3322045101752
119144:63,no,6.5,0,new,3.17805383034795
145454:30,no,2.6,0,new,2.19722457733622
120178:18,yes,4.8,1,old,1.79175946922805
161045:13,no,4.7,1,med,2.39789527279837
176324:16,no,6.1,0,new,3.85014760171006
132933:57,yes,5.5,0,new,3.09104245335832
32071:143,no,6.6,0,new,3.43398720448515
117836:27,no,5.7,0,new,2.07944154167984
45071:17,no,5.9,0,med,1.94591014905531
144511:39,yes,5.2,0,new,3.73766961828337
155201:43,no,6.4,0,new,2.77258872223978
164110:55,no,6.5,0,new,2.94443897916644
36600:32,no,6.2,0,med,2.63905732961526
158261:43,no,6.4,0,med,2.99573227355399
19223:138,no,6,0,new,3.61091791264422
16220:4,no,4.4,1,med,1.6094379124341
53626:13,no,6.2,0,new,1.38629436111989
106658:65,no,6.5,0,old,3.3322045101752
142965:19,no,6.1,0,new,2.484906649788
70200:18,no,6.7,0,med,2.07944154167984
145917:27,no,6.1,0,med,2.99573227355399
24771:51,no,5,0,med,2.56494935746154
158370:21,no,6.7,0,new,2.30258509299405
139739:24,no,6.7,0,med,2.39789527279837
11328:16,no,6.7,0,new,2.83321334405622
39986:52,no,5.6,0,med,2.77258872223978
72763:7,yes,4.4,1,old,1.79175946922805
120873:46,no,6.5,0,med,3.09104245335832
101464:11,no,6,0,med,2.70805020110221
50370:29,yes,5.2,1,new,3.04452243772342
77461:30,no,6.6,1,new,2.30258509299405
65454:12,no,6,0,new,2.07944154167984
1638:23,no,5.9,0,med,3.04452243772342
13469:7,yes,4.3,1,old,1.94591014905531
159263:34,no,3.7,1,med,2.39789527279837
37224:9,no,5,0,med,2.63905732961526
160595:7,yes,4.1,1,old,1.94591014905531
152067:55,no,6.3,0,med,3.43398720448515
14724:29,no,6.1,0,new,2.70805020110221
81802:32,no,6.4,0,new,2.19722457733622
42132:18,yes,5.5,0,new,2.484906649788
32704:46,no,6.3,0,med,3.04452243772342
55947:53,no,6.2,0,new,2.99573227355399
103477:18,no,5.1,0,med,2.56494935746154
74537:12,no,5.6,0,new,1.94591014905531
130755:109,no,5.7,0,med,3.85014760171006
147237:51,no,5.5,0,new,2.70805020110221
63913:49,no,6,0,new,2.39789527279837
83449:21,no,5,0,med,3.13549421592915
113277:12,no,5.6,0,med,2.39789527279837
55284:85,yes,4.5,0,med,3.3322045101752
169890:62,yes,6,0,med,2.99573227355399
146950:24,yes,4,0,med,3.13549421592915
6720:24,no,5.7,0,new,3.36729582998647
134199:41,yes,5.7,0,med,2.94443897916644
71923:14,no,6.3,0,med,2.30258509299405
103788:26,no,4,0,new,3.25809653802148
138873:64,no,6.4,0,new,2.89037175789616
46965:16,no,5,0,new,2.99573227355399
121757:84,no,5.8,0,new,4.07753744390572
141886:24,no,4.9,0,med,1.79175946922805
126632:62,no,6.6,0,med,3.2188758248682
164368:12,no,4,0,med,1.38629436111989
146901:15,no,6.6,0,new,2.484906649788
153747:33,no,4.4,1,new,2.484906649788
59652:37,no,6.4,0,new,2.63905732961526
92531:11,no,6,0,med,2.484906649788
99256:22,yes,5.5,0,med,3.09104245335832
99637:89,no,6.1,0,new,3.3322045101752
71222:34,no,6.3,0,new,3.40119738166216
44033:5,yes,4.1,1,new,1.79175946922805
89480:63,no,6.6,0,new,3.04452243772342
72128:34,yes,5.8,1,med,3.3322045101752
99356:32,yes,2.6,0,med,2.30258509299405
134420:23,no,6.6,0,med,2.30258509299405
131277:37,no,5.8,0,new,3.04452243772342
55219:110,yes,5.5,0,med,3.93182563272433
174196:39,no,5.4,0,new,2.70805020110221
31080:59,no,5.2,0,med,3.36729582998647
121757:134,no,5.6,0,new,4.07753744390572
16054:41,no,6.1,0,med,2.63905732961526
45036:13,no,5.9,0,new,3.25809653802148
39408:26,no,6.4,0,new,2.99573227355399
175669:10,yes,5,0,old,2.89037175789616
16349:60,yes,5.6,0,old,2.77258872223978
32983:19,no,6.5,1,med,2.39789527279837
60699:26,no,5.9,0,med,1.79175946922805
3798:43,no,5.9,0,med,2.484906649788
113855:35,yes,5.8,0,new,2.94443897916644
62647:7,no,5.7,0,med,2.77258872223978
29410:26,no,5.8,0,med,2.63905732961526
51582:32,no,5.6,0,med,2.484906649788
80681:23,no,6.7,0,med,2.83321334405622
29180:50,yes,4.9,0,old,3.36729582998647
44939:18,no,6.2,0,new,2.19722457733622
152280:24,no,5.3,1,med,2.484906649788
133228:13,no,5.7,0,new,2.484906649788
38919:40,no,6.5,0,med,2.30258509299405
55078:22,yes,5.5,0,old,2.19722457733622
145692:12,no,6.1,0,new,2.30258509299405
91041:57,no,6.1,0,new,2.94443897916644
165687:30,no,6.6,0,med,3.80666248977032
164091:22,no,6.1,0,new,2.99573227355399
146619:59,no,6.4,0,med,3.29583686600433
76377:93,no,6.7,0,med,3.71357206670431
96882:42,yes,4.9,0,med,2.89037175789616
177105:58,no,6.6,0,med,3.29583686600433
29208:96,no,5.4,0,med,3.40119738166216
51340:81,yes,5.3,0,med,3.55534806148941
171678:13,no,5.9,0,new,2.39789527279837
62101:38,yes,4.8,0,new,2.63905732961526
27683:75,yes,4.8,0,old,3.13549421592915
155563:20,yes,5.1,0,new,2.94443897916644
166903:55,yes,4.6,1,med,3.66356164612965
49908:42,yes,5.4,0,med,2.77258872223978
27803:45,no,6.1,0,new,2.83321334405622
159358:7,yes,5.8,1,med,3.63758615972639
26735:64,no,5.9,0,new,2.89037175789616
87257:107,yes,5.2,0,new,3.43398720448515
71184:87,no,5.4,0,new,3.2188758248682
38978:27,no,6.1,0,med,3.29583686600433
62192:35,no,6.3,0,new,2.07944154167984
155746:10,no,5.5,0,med,1.38629436111989
19045:21,no,6.5,1,med,3.36729582998647
22657:23,no,5.7,0,med,1.94591014905531
117808:33,no,6.5,0,med,3.2188758248682
46373:50,no,6.1,0,med,2.77258872223978
134176:40,yes,5.9,0,new,3.55534806148941
62581:54,no,6.3,0,new,3.04452243772342
46609:15,yes,4.3,0,med,2.19722457733622
159138:19,no,5.4,1,med,2.99573227355399
165858:16,no,4.2,1,med,2.56494935746154
108737:78,yes,4.7,1,old,3.2188758248682
141287:39,no,6.2,0,med,2.70805020110221
25273:85,no,5.7,0,new,3.40119738166216
109067:18,no,6.3,0,med,2.94443897916644
46446:10,yes,4.9,1,med,2.39789527279837
55919:15,no,6,0,new,1.79175946922805
120922:61,no,5.5,0,med,2.70805020110221
94182:13,no,6.1,0,new,1.94591014905531
65357:5,yes,5.1,1,med,2.39789527279837
166453:10,no,6.5,0,new,1.6094379124341
83497:27,no,6,0,new,2.99573227355399
27330:65,no,5.6,1,med,2.83321334405622
124653:71,no,6.4,0,med,3.2188758248682
79030:34,no,6.1,0,med,2.89037175789616
88662:24,no,6.8,1,med,2.484906649788
147291:12,no,5.4,0,med,1.79175946922805
168982:36,no,4.6,0,med,2.39789527279837
99158:38,yes,5.5,0,med,3.04452243772342
60662:8,yes,3.7,1,new,2.30258509299405
174570:7,no,6.2,0,new,2.56494935746154
12596:58,no,5.8,0,new,2.99573227355399
19295:81,no,6.1,0,new,3.36729582998647
37349:44,no,5.5,1,med,3.04452243772342
90039:83,no,6.7,0,new,3.25809653802148
119945:93,no,6.4,0,new,3.29583686600433
76200:18,no,6.3,0,new,2.19722457733622
4528:7,yes,6,1,old,1.79175946922805
109269:7,no,5,1,med,2.63905732961526
171919:19,no,6.5,0,med,3.46573590279973
106619:25,no,6.3,0,new,2.77258872223978
64610:17,no,6,0,new,2.56494935746154
109067:39,no,6.5,0,new,2.94443897916644
168555:17,no,6.5,0,med,3.13549421592915
151108:23,yes,5.3,0,med,3.25809653802148
53602:9,no,5.6,0,med,1.6094379124341
146225:40,no,6.7,0,new,2.77258872223978
148889:35,no,6.1,0,new,2.94443897916644
15068:10,yes,4.7,0,med,1.94591014905531
27799:10,no,5.1,0,med,1.38629436111989
13424:44,yes,5.1,1,new,2.63905732961526
143722:15,no,6.2,1,med,3.09104245335832
33859:9,no,6,0,new,2.19722457733622
156639:7,yes,4.9,1,old,2.70805020110221
91758:36,no,5.6,0,new,3.93182563272433
82295:13,no,6.3,0,new,2.63905732961526
171693:31,no,6.4,0,med,2.39789527279837
73140:10,yes,4.7,1,old,2.70805020110221
72160:27,no,6.3,0,med,2.19722457733622
135551:31,yes,5.6,0,med,2.56494935746154
155436:87,no,5.8,0,new,3.3322045101752
31180:170,no,5.5,0,new,4.02535169073515
90848:29,no,6.7,0,med,2.56494935746154
22932:13,no,4.8,0,med,1.94591014905531
94526:45,no,5.4,1,med,2.70805020110221
127169:7,yes,4.8,1,old,2.83321334405622
48532:18,yes,5.5,0,med,3.49650756146648
6397:25,no,6.4,0,med,2.83321334405622
23861:102,no,5.8,0,new,4.04305126783455
10895:45,no,6.1,0,new,2.56494935746154
91758:53,no,6.3,0,new,3.93182563272433
138037:56,no,5.1,0,med,2.56494935746154
176628:53,no,6.5,0,new,3.17805383034795
95400:23,no,5,0,med,3.17805383034795
9584:73,yes,4.9,0,old,2.89037175789616
64564:10,no,6.4,0,new,2.39789527279837
50235:53,no,5.7,0,new,2.94443897916644
142141:14,yes,5.3,0,old,1.94591014905531
37283:73,no,5.3,0,med,2.94443897916644
43642:11,no,6.1,1,med,2.30258509299405
77358:19,no,6.5,0,new,1.94591014905531
108972:69,no,5.7,0,new,3.43398720448515
164404:48,no,3.9,1,med,3.63758615972639
100571:7,yes,6.1,1,old,2.94443897916644
94747:14,no,6.2,0,med,2.30258509299405
146612:75,yes,5.7,0,old,3.2188758248682
55919:10,no,5.4,0,med,1.79175946922805
8930:19,no,6.2,0,med,2.30258509299405
147582:28,no,4.2,1,med,3.13549421592915
92716:8,yes,3.7,0,med,2.07944154167984
104230:49,yes,4.2,0,med,2.484906649788
115742:25,no,3.8,0,med,1.6094379124341
96261:16,no,6.4,0,med,2.30258509299405
118309:83,no,5.5,0,med,3.09104245335832
83449:32,no,4.7,0,new,3.13549421592915
2767:14,yes,4.5,0,med,2.07944154167984
134101:49,no,6.6,0,new,3.2188758248682
81929:47,no,6.3,0,new,3.17805383034795
149485:72,no,6.1,0,new,3.43398720448515
13411:17,yes,4.3,1,med,3.13549421592915
110398:27,no,6.4,0,med,2.99573227355399
32577:41,yes,5.6,0,med,3.04452243772342
83198:48,no,6,0,new,2.83321334405622
74301:11,no,6.3,0,med,2.39789527279837
9608:21,no,6.7,0,old,2.83321334405622
160993:10,no,6.4,0,med,1.94591014905531
140815:71,yes,5.5,0,new,3.13549421592915
31489:41,no,6.5,0,new,3.80666248977032
43407:11,no,6.2,0,new,2.39789527279837
161619:23,no,5.9,0,med,1.94591014905531
121023:37,yes,5.5,0,med,2.70805020110221
113475:14,no,6.3,0,new,2.484906649788
31254:36,no,5.6,0,med,2.56494935746154
108975:9,no,6.3,1,new,1.94591014905531
74324:8,no,3.8,1,med,1.94591014905531
171296:110,yes,5.8,0,med,3.93182563272433
129004:16,no,5.5,0,med,2.19722457733622
55311:27,yes,4.4,1,med,3.43398720448515
136180:24,no,5.2,1,new,2.19722457733622
31917:13,no,6.8,0,new,2.99573227355399
73173:67,yes,5.2,1,med,3.04452243772342
142828:81,no,5.4,0,med,3.04452243772342
19999:14,no,4.3,1,med,2.07944154167984
99236:8,yes,4.7,1,med,3.49650756146648
14637:17,no,5.4,0,med,2.39789527279837
49551:24,no,5.3,0,med,1.94591014905531
16318:47,no,6.2,0,med,2.39789527279837
80333:17,no,4.7,1,med,2.77258872223978
90230:11,no,5.7,0,new,2.30258509299405
156650:7,yes,4.8,1,old,1.94591014905531
7285:11,no,6.7,0,new,2.19722457733622
136539:14,no,4.7,0,med,2.19722457733622
115490:21,no,6.4,0,med,2.77258872223978
67466:21,no,5.8,0,new,2.70805020110221
73538:38,no,4.2,0,med,2.63905732961526
80218:50,no,6.1,0,new,2.63905732961526
89180:32,no,6.1,0,new,2.99573227355399
6607:30,yes,4.8,0,new,3.25809653802148
2180:39,no,6.3,0,med,3.09104245335832
138349:36,no,5,0,med,2.19722457733622
57069:61,no,4.4,1,med,3.13549421592915
167037:72,no,6.1,1,med,3.87120101090789
15021:56,no,5.7,0,old,2.484906649788
136110:19,no,5.5,0,new,2.19722457733622
37846:61,no,5.2,0,new,2.63905732961526
84152:34,no,5.8,0,med,3.2188758248682
156896:23,no,6.5,0,new,3.29583686600433
23994:24,yes,5.4,0,new,2.56494935746154
152067:34,no,6.1,0,new,3.43398720448515
105043:10,no,6.7,0,new,2.07944154167984
96042:48,no,5.9,0,med,2.70805020110221
126455:10,yes,6.2,1,old,1.94591014905531
172225:11,no,6.3,0,new,2.56494935746154
63417:44,no,6.4,0,med,2.70805020110221
137794:5,yes,4.8,1,new,2.30258509299405
99291:5,yes,3.1,0,med,2.07944154167984
39753:27,no,5.6,0,old,1.94591014905531
130514:28,no,6.5,0,new,3.52636052461616
164352:16,no,4.8,0,med,2.70805020110221
56072:31,no,5.4,0,med,3.2188758248682
119842:10,no,6.3,0,new,2.39789527279837
157934:65,no,6.4,0,new,3.09104245335832
14969:24,no,5.9,0,new,2.56494935746154
145536:63,no,5.7,0,new,3.71357206670431
24962:14,no,5.5,0,med,2.484906649788
146198:134,no,6,0,med,4.36944785246702
123419:8,no,6.7,1,new,2.77258872223978
120455:28,no,6.2,0,med,2.56494935746154
92861:25,no,6.2,0,med,2.30258509299405
84205:26,yes,3.8,0,old,2.77258872223978
27780:99,no,5.5,0,med,3.73766961828337
112989:20,no,3.5,1,old,2.07944154167984
134228:135,no,6.6,0,med,3.98898404656427
155148:17,yes,5.2,0,new,2.30258509299405
77309:26,no,6.2,0,new,3.17805383034795
158550:31,no,6.2,0,new,2.94443897916644
78394:33,yes,5.1,1,med,3.2188758248682
108182:40,no,5.6,0,med,2.56494935746154
168217:7,yes,4.1,1,old,1.94591014905531
57861:27,yes,6.7,0,med,3.40119738166216
88001:41,yes,5.1,0,med,2.94443897916644
149669:184,no,6,0,med,4.02535169073515
73755:84,no,6.2,0,med,2.99573227355399
113957:66,no,6.7,0,med,3.3322045101752
35674:29,no,6.2,0,med,3.61091791264422
134169:64,no,6.3,0,med,4.00733318523247
164073:37,no,6.1,0,med,2.89037175789616
165280:27,no,6.1,0,new,2.39789527279837
106437:19,no,6.2,0,med,2.70805020110221
14653:39,no,6,0,med,3.17805383034795
169898:50,no,6.2,0,med,3.61091791264422
166634:38,no,6.5,0,med,2.39789527279837
98932:25,no,6.4,0,med,1.79175946922805
166971:48,no,5.4,1,med,3.13549421592915
6395:54,no,6.3,0,med,2.56494935746154
24421:69,no,6.4,1,med,2.99573227355399
30438:27,no,5.9,0,med,2.19722457733622
165750:14,no,6.3,0,med,3.13549421592915
46244:16,no,4.8,1,med,3.13549421592915
15261:95,yes,5.3,0,old,3.2188758248682
89580:13,yes,4.1,0,med,2.30258509299405
137317:74,yes,5.4,0,med,3.04452243772342
3226:17,no,6.3,0,new,1.6094379124341
94280:31,no,6.6,0,med,2.77258872223978
96724:27,no,6.3,0,med,2.484906649788
171931:87,no,6.8,0,med,3.29583686600433
48103:10,no,6.4,0,new,1.38629436111989
38063:54,no,6.3,0,med,2.484906649788
29177:102,no,5.7,0,med,3.40119738166216
40705:25,no,6.6,0,med,2.83321334405622
6414:31,no,6.3,0,new,3.63758615972639
166085:182,yes,5.7,0,med,3.89182029811063
138155:36,no,6.5,0,old,2.63905732961526
85965:39,no,6.2,1,med,3.04452243772342
38581:37,yes,4.4,0,med,2.89037175789616
27808:28,no,5.4,0,med,2.94443897916644
159110:25,yes,6.1,0,old,2.94443897916644
138174:28,no,6.2,0,new,2.39789527279837
171967:54,no,5.7,0,med,3.40119738166216
53690:14,no,6.1,0,med,2.99573227355399
25010:18,no,5.7,0,med,2.07944154167984
8884:22,yes,4.3,0,old,2.07944154167984
82021:22,no,6.4,0,new,2.56494935746154
138291:137,no,6.6,0,med,4.04305126783455
74560:83,no,5.9,0,new,4.07753744390572
19161:75,no,6.2,1,new,3.04452243772342
106391:27,no,5.8,0,med,2.56494935746154
24959:32,no,6.4,0,med,2.19722457733622
85193:35,no,6.3,0,new,2.39789527279837
121941:10,no,5.3,0,med,1.79175946922805
147067:15,yes,4.8,1,med,3.13549421592915
143578:37,no,5.4,0,med,2.484906649788
123812:31,no,5.5,0,med,2.07944154167984
167299:10,no,6.7,0,new,1.6094379124341
103701:14,no,6,0,med,2.07944154167984
69750:37,no,6.2,0,med,2.39789527279837
121775:50,no,6.1,0,new,2.83321334405622
24421:47,no,6.3,0,med,2.99573227355399
83966:23,no,6.2,0,med,2.07944154167984
157049:37,yes,3.7,0,old,2.89037175789616
46132:24,yes,5,0,med,2.19722457733622
108856:37,yes,5.4,0,med,3.17805383034795
37616:97,no,5.8,0,med,3.61091791264422
147613:4,no,4.8,1,med,2.77258872223978
174455:135,no,6.1,0,new,3.66356164612965
7265:10,no,5.5,0,new,2.30258509299405
99956:17,yes,5.1,1,new,2.484906649788
170937:25,no,5.7,0,new,3.13549421592915
8865:67,no,6.6,0,new,3.04452243772342
58800:5,yes,3.4,1,med,1.79175946922805
116197:36,no,5.9,0,med,2.99573227355399
109040:25,no,6.1,0,new,2.39789527279837
74797:57,no,6.3,0,new,2.63905732961526
7091:13,no,5.2,1,old,3.55534806148941
148456:26,yes,5.5,0,old,1.94591014905531
142083:38,no,6.5,0,new,2.56494935746154
57651:63,yes,5.8,0,med,3.49650756146648
7526:63,yes,5.7,0,med,3.17805383034795
68658:19,no,6.4,0,med,3.43398720448515
16570:13,no,5,1,med,2.484906649788
8867:13,no,6.2,0,new,2.56494935746154
125063:17,no,6.5,1,med,3.09104245335832
121793:56,no,6.4,0,new,3.43398720448515
154774:35,no,5.3,0,med,2.484906649788
87654:69,yes,5.4,1,old,3.09104245335832
62771:99,no,6.7,0,med,4.36944785246702
163289:195,no,6.1,0,new,3.71357206670431
37263:24,yes,4.8,0,old,1.94591014905531
32953:43,no,6.5,0,med,2.63905732961526
23634:28,no,5.1,0,med,2.19722457733622
108521:93,yes,5.4,1,old,3.3322045101752
67780:49,no,6.4,0,new,3.04452243772342
168606:48,no,5.1,0,new,2.77258872223978
27798:15,no,5.2,0,med,1.79175946922805
120747:13,no,6.1,0,med,1.94591014905531
47856:7,yes,5.7,1,old,1.6094379124341
114202:81,yes,4.7,0,med,2.94443897916644
23630:11,yes,5.8,1,new,2.07944154167984
87467:20,no,4.5,0,med,1.94591014905531
168976:57,no,6,0,new,2.89037175789616
166762:101,yes,4.4,1,new,3.3322045101752
123797:41,no,6.8,0,med,2.484906649788
63076:40,no,6.7,0,new,3.04452243772342
54840:11,yes,4.4,0,med,1.79175946922805
18547:110,no,6.1,0,med,3.09104245335832
7017:34,no,5,1,old,3.36729582998647
65258:45,no,6,0,new,2.77258872223978
15216:13,no,6.5,0,med,2.19722457733622
13420:11,yes,6.1,0,new,3.46573590279973
80877:63,no,6.2,0,new,2.99573227355399
38947:33,no,5.6,0,med,2.30258509299405
154517:48,no,6.2,0,med,3.2188758248682
105338:42,no,5.1,1,med,3.36729582998647
36611:16,yes,3.7,1,med,2.39789527279837
22419:43,no,3.3,1,med,2.70805020110221
54865:37,no,3.5,0,med,3.04452243772342
171972:37,no,5.3,0,med,2.77258872223978
82503:72,no,5.9,0,med,2.83321334405622
170188:22,no,6,0,new,2.484906649788
19360:7,yes,4.7,1,med,3.3322045101752
77593:15,yes,5.6,0,med,2.99573227355399
166799:28,no,4.4,1,med,2.39789527279837
17008:76,yes,6,0,med,3.17805383034795
118769:33,no,6.1,0,med,2.484906649788
148372:13,yes,4.5,0,new,1.94591014905531
83450:9,no,3.8,1,med,2.19722457733622
30439:48,no,6.3,0,med,2.94443897916644
46441:47,no,5.9,0,new,2.89037175789616
9762:24,yes,5.5,0,old,2.77258872223978
163122:31,no,6.4,0,new,2.83321334405622
106565:53,no,6.2,0,new,3.29583686600433
154338:10,no,4.2,0,med,1.6094379124341
138340:30,no,6.6,0,med,2.07944154167984
19284:42,no,6.3,0,med,2.484906649788
98822:22,yes,5.4,1,old,1.6094379124341
18087:40,yes,5.5,0,med,2.70805020110221
103868:139,no,6.7,0,med,3.52636052461616
130065:25,no,6.1,0,med,3.25809653802148
